V1,V2,V3,V4,V5,V6,V7,V8,V9,V10,V11,V12,V13,V14,V15,V16,V17,V18,V19,V20,V21,V22,V23,V24,V25,V26,V27,V28,Amount
-0.1636267708605632,0.5477616112649617,-0.8563140304582683,0.9954707586525648,-0.3843308248940593,-0.9271390797863638,-0.7605479668492332,0.1800895941291596,-1.2131073486993935,-1.1873598241386667,1.61824467795232,-1.3271019380841609,0.0418272860798855,-1.578327829229884,-0.6605165467154152,-1.24934876085435,-1.4113871198247954,-1.1639300554334508,0.5093382058048358,0.8681735111819997,0.2995926964490106,-0.430662568348187,-0.3061117532758274,-0.7207605889321618,1.0774212948569073,2.006115772668033,1.4816442921195432,1.325268678735749,12794.76
0.9257895225658752,-0.101832402030193,0.1960712696661146,0.3463202099958901,0.6362546294376378,0.3365250457869114,0.5263912559741245,-0.1295968910613034,0.0620527121739192,0.4386606572472553,0.1747690119327083,0.2028397819980733,-0.6745863190022415,0.0071905375703642,0.0223047607149554,1.548212459669044,1.2647784781091471,1.0660223366744446,-1.4536542652660316,-0.3198330712311625,-0.1884017810102574,-0.5461790185586778,-0.1048060659434791,-0.7887013619742053,0.7369906309870052,0.0515438028493607,-0.2208964799199796,0.0498307859249039,9940.09
-0.0161053197221453,-0.2745110905807352,1.385504803401518,-1.422965538570406,0.3590860141563274,0.2155440236034581,0.6406788576070472,-0.125874213958011,0.2807598916536505,0.3301696432100455,-0.342666161522498,0.4895397625558877,-1.0493594399964288,0.9709644377222204,-0.0065812577462942,1.1590450084751378,0.1710818751995706,0.6333567519327218,-0.1531685503471452,-0.2447613099308226,-0.1336043333427178,-0.423352809301395,-0.3128441858338595,-0.561017617151399,0.4981596821399443,1.821604618525061,-0.405933326436409,-0.2485598840050876,20340.05
-0.0530221227619711,-0.253427000849019,0.3882899471615538,-0.7498777312308378,0.5299018567086518,0.5543411758285155,0.2510395649810436,-0.5447792620945634,-0.3067249683931465,0.5285709495325629,-0.4368593165484465,0.2157508520581695,-0.5363237950017626,0.5205328372478347,0.8334112320611413,1.0298335854245904,0.8841049531196357,0.301595186370076,0.983218829821819,0.4260132158879098,-0.4062369677414194,0.7023407611729058,-0.1798641613030975,-1.5255253711150485,0.1293627150224391,0.0533857076534668,-0.2976402611442184,0.1707694442342902,12630.56
-1.0341403403853355,0.476903271908004,-0.979978100880493,1.060505114039794,-1.1647674258042542,-0.6791448679578391,-0.8125630561496592,0.6944037443653461,-1.4449765482766126,-1.3310939488290794,1.281688391467816,-1.276034315247078,-0.3255615169526543,-1.257781383139648,0.397251472628981,-1.3563208789977903,-1.541948364304275,-1.4009011113041956,0.9848775730917516,0.5469591325979448,0.4318595633590295,-0.5726666952353572,0.5159125005626705,0.6542607777977593,0.3199943854112478,-0.6512948242126423,0.6696921682891405,-0.3265636935938317,7280.62
-1.7045165212124185,2.599199263414968,-1.205390551666046,0.5035268915774673,-0.9496739599896844,3.226002264832025,-2.3230949360903512,-6.02771190844393,0.2733890173381638,-0.6988930885075612,0.9902737999824864,-0.7077802979248432,-1.891977209970506,-1.1831172146581477,-0.2876867550989426,-1.2309706875793731,-0.7223827986406642,-0.9906296537266904,-0.1699959324488801,-4.118596470540463,8.087080028016498,-6.450353017960277,6.343132317756874,-1.0750482999624311,0.3498809024854172,-0.2402610752267508,1.534445136055664,2.1541018884187397,22726.94
1.745628108226959,-0.3682669472851846,-0.2451482651848099,-0.3686880847898781,0.6641403681245008,0.252535565677654,0.4526980212067917,-0.1590858252035146,0.8204010383594137,0.2709512483825056,-0.1035183078885932,0.8563886272947565,-0.3128998831654558,-0.1259592901690801,-1.0057479376946046,0.9334712907608852,1.1581709021061697,1.3615574013109022,-0.1046723694861007,-0.267544794480028,-0.1014525393234468,0.2067891636330473,-0.097175035364242,0.1870882134325341,0.300736597042353,1.4579385960632063,-0.2879774339129488,-0.1484188507006421,747.87
0.9382417273935184,-0.0435288334122174,0.0077884250225216,0.144597058418245,0.6543658330323291,-0.1404733227289182,0.5771308765182159,-0.1742731776193723,0.4741732402391318,-0.0795417743257423,-0.0353904581030228,0.6546046716023198,0.4733922511481649,-0.6308486634910059,0.3121803729212129,1.0667777101473557,2.6316017647326646,1.1817256272640324,-1.2604086677749922,-0.1745868401294764,-0.2506074594259806,-0.6567963031471612,-0.1554496165848677,-0.3436085468132463,1.065858753190778,-0.7600284834957246,-0.1140302017157071,0.2042121168339526,23037.36
0.8811409867713403,-0.8755085011282333,0.1710881502645764,-0.8614707539032285,0.7831667618876057,2.4097112433284757,0.110919989311604,0.0662050342237802,0.1647625951705731,0.9315199288322776,-1.0940749689221931,0.5416864717928908,0.391071494261655,0.6496191983350186,0.5522521997039359,-0.048311488597951,0.2750800027315336,2.0885882280013472,-0.9246828069737428,-0.2787275919123036,-0.1864384508008506,-0.4307901750840167,-0.243367680848419,2.201258328139921,0.9767189832102876,-0.5190574115021251,-0.1772120305630787,0.0292621832333671,20360.87
0.0075819591026234,-0.6026681476127123,1.8673698641985297,-2.509487242035466,0.0486440395793009,0.5991028216644103,0.2988665877507798,-0.1359933586106707,-0.4667177415362659,1.2632300026328918,-0.7198057337073518,-0.0753678765254592,-0.6059704307746354,0.4580466508873803,-0.2472905130522301,0.8172119449973353,0.2771523426136429,1.526710487298816,-0.4096269501002327,-0.2883587975280213,-0.1632916108940698,0.0397365343122271,-0.4856475545803252,-1.4717123259078864,0.7114979021378354,-0.3122807212572003,-0.0809335515212611,-0.3858134375003995,3594.77
1.390263161933237,-0.9085706459380992,0.1825874092050033,-0.3389845924060932,-0.0289473896656619,0.4574903153679151,0.3003717238046831,-0.167976305730025,0.1629106938498087,1.1460216712482358,-0.4354143203726378,1.3932534046942349,0.9260922218541968,0.7273614419548616,-0.6502887207239951,-0.0338982207589639,0.2341718075669461,2.079303431137552,-1.0477333961766704,-0.3506864174346848,-0.1649320423081192,-0.2998073485775487,-0.0044968473550249,-0.6522479251214147,-0.4300366924228453,-1.7794653209838658,-0.2065909617380296,-0.1129270218247915,14403.83
1.6865311457122891,-1.0056522251359514,0.6668658696271138,-1.0410905615607706,-0.331304337567476,0.3974487865920859,-0.0314002237932886,-0.0993048890455752,0.7909751605341098,1.0185583535325935,-0.1876108914213757,0.5872737195681315,-0.2152552734055398,0.4488762194079098,-0.0575472112689642,2.2051146538873647,0.3532383372318509,0.2319434601490513,0.1369290262520961,-0.0884325493564653,0.0968899099235662,1.3391783014837106,0.1302144240633691,0.2301331444265776,-0.8784383447005575,-0.2688271284990062,-0.1942317237721548,-0.1764595480831435,8564.24
0.9522751145273392,-0.4403246749283298,1.3181530460736872,-0.0968980714597569,-0.0599040112706776,0.3637266455812913,0.2717539919285585,-0.1402729381226638,1.034812748623177,0.5089284518023064,-1.0889531096878995,1.2942400400133367,0.7420540670916449,0.4748940091544113,0.077811606477604,0.4950995768162997,0.3529876314703589,0.2280783473270101,-0.4030118431972269,-0.2591890195452668,-0.1252115663804876,0.0296327786725096,-0.0366370443072796,0.848837330817053,0.6400352969491706,-0.999774268742168,-0.1491242455849606,-0.0042195721630874,62.95
0.0512626577510621,-0.0184384580406096,0.3265829044952286,-0.3567962485193907,0.8696643377732655,0.4082929728128304,0.9765416440778012,-0.1732394464402017,0.1213934220471747,0.8230512012537384,-0.6114571390608482,0.902879343670746,-0.0815904401760492,1.0547815771435611,-1.0071809467880553,0.0599596339775066,0.3374943989461466,0.5618149394741662,0.8247087618008792,0.0464133575059583,-0.0701062423598057,0.559846398149305,-0.3952821776217347,-1.3054945441021772,0.1633295729574137,-0.8191720593373355,0.4524624810124889,0.5907344436503009,2563.8
-0.3706551841358565,0.3295269995761951,-0.3068594870517995,0.4376596159816102,-0.4564786222845788,0.200720064008761,-0.1291303868311572,0.0550445664658541,-0.2897391526275654,-0.3719127180493682,0.0167832408896383,-0.7928335247951358,-0.5909656652169777,-0.5728841711456337,1.958808548363358,-0.6442413554717592,-0.5993608464720636,-0.2928287626364864,1.2049188163775046,-0.0006483354384371,0.1877194642035642,0.1070941341505749,-0.0892747932502819,-0.7153976017960211,-0.2462884690566791,-0.180080552845906,-0.2004810316847124,0.0668059360479028,2317.94
0.920000624566484,-0.0601380890474378,0.0086816802206819,0.1277918103876691,0.6486333109956579,-0.0436113488797675,0.54523223728911,-0.1518378463192435,0.4346032527110422,-0.0544228838424177,0.2665224216422309,0.7399663290833267,-0.0151281307402965,-0.5997999064051496,-0.0439767315008003,1.1766315269245555,2.5608534764843567,1.4917147410969955,-1.1178846753832996,-0.197553905704087,-0.2415601250188017,-0.6375678646424675,-0.1560337814518015,-0.4052806843923812,1.012548128051575,-0.7799431880074764,-0.1197368338731045,0.1894923679028455,16958.27
-0.184383400160677,-0.5802455521132268,1.1848156264947458,-1.4954075543526495,-0.0119055950390505,0.1253405299388478,0.3323883787200112,-0.0488914856267323,0.0446204321093309,0.4180214027217581,-1.9036753375821416,0.5289278587626143,0.4302281824039871,0.6170775662786295,-0.614808766701073,0.001229203616477,0.3625814775967375,1.541897964908057,-1.8403647972727717,-0.6006221160117434,-0.0897710807480658,0.2265455217094421,0.0055085854697399,0.0470269766702059,-0.6147570509450455,1.2736049133428209,-0.2578893569505106,-0.0423259325355968,17164.44
-0.361786716761637,0.276795657651426,-0.0901955743042277,0.6202759407649913,-0.0920431029660147,0.5072600322149806,-0.4338233781289031,-0.6928273222900811,-0.3956522316883305,-0.3129082914861566,0.5153138119579639,-0.8305847017028813,1.7985979284655538,-0.413589785846176,-0.6081374960898761,-0.9030625829002434,-0.9001207071491165,-0.7955874713461815,1.0806397067571796,1.0432940447518873,-0.4165602015946825,1.02866450135198,-0.0039412285530832,-0.4419342540391835,-0.8986129233462196,0.367380178597448,0.1340614685248606,0.2962362964212718,2204.99
-0.2022638534287747,-0.3884860568907171,0.991488901077874,-1.741929776930946,0.5153716288339525,1.2917911834857387,0.3731985597149821,0.0974365188231497,-0.2703009480939899,0.3825611053120411,-0.1080999660236986,1.7723758940502277,0.4414424888642289,0.8033629028850122,-1.4104767603716746,-0.4025691925134463,0.6867328374983201,-0.0880075800447175,-3.419185780540354,-1.0642197837085858,-0.1844262178798583,-0.1135864482342763,-0.0023232657014166,-2.132818875067146,-0.646785547799495,0.3037082030792301,-0.2149000294940846,-0.0622171082326084,20986.5
1.002983763041638,-0.6850708678608898,0.8680336947791928,-1.4896218623862827,-0.0782042028758921,0.5030094571728704,0.1662398025355193,-0.0868233257372577,1.8454799765458367,0.2362364978837801,-0.0552389764638484,1.5532794916009898,-0.5681564335160904,0.7558019291455711,1.142356918005358,0.2525266426429985,0.3980451050945742,0.6266456302424122,0.3913065808295164,-0.3051797754413647,-0.0386780797210947,0.6437148857841982,-0.142368538660156,-0.3999329028811392,0.5910427850271345,0.3466077670473131,-0.1754025853501513,-0.0887283489798176,20424.84
-1.454463737710609,1.1832133074615314,-1.472510078931207,1.5394896800410878,-1.609321446928448,-2.086470531583679,-1.6003719933988578,1.3936131220369397,-1.7358113465019418,-1.8332053883941095,1.591703113504068,-1.8626450672986008,0.3307402188057433,-1.1535320662319697,-0.2021001108834521,-2.2058752657897447,-2.141678190598595,-2.2252880440556044,3.283599010654107,-0.2409925661474513,0.9117271580334478,1.0894075743851084,-0.5825683549262398,1.8247686138797448,0.7154294836004249,0.2336479282173812,-0.5739140018569983,0.0523418341274005,19719.46
-0.1262689869204614,-0.523232957569197,0.1789792905943763,-0.1170978923278214,-0.0257620667460504,0.2518234570915645,0.6405606405228587,-0.0805058007530546,0.0986736465199715,0.0540391895166561,0.1126225336748695,0.1473443352348714,-0.7308807727949447,0.1843568053851353,0.7878249758355583,0.0960111956432527,0.1321877023737932,0.3606291755956627,-0.3064150028942641,0.630546244097797,0.099907781723332,0.2916411235457913,0.9303066344614728,0.7957470811715365,-0.1571594768372668,-0.8415805148496511,-0.261167892712049,-0.066051433349398,6997.7
-0.1999879412587611,-0.0005723836621177,0.3485689199101873,0.3379110711666683,-0.137448802344306,0.5406784768748107,-0.1785490678320899,-0.0923395190905275,-0.1217174894632001,-0.3490759801110057,0.7346675375650797,-0.3157514656385357,0.3135412675686226,-0.6456929710505936,-0.7331290526503398,-0.8110437918568532,-0.4999660311259885,-0.530028288297672,0.9189079041840548,0.5826178528605054,0.0292066381524899,0.6197237280503178,-0.1237466303021618,0.2479250986829634,-0.0698718285534147,-0.3557955732136065,0.3725172068313506,0.0765971592983615,5240.37
-0.2648625191634867,-1.0716634587322846,1.5979841862133206,-1.8414532861683344,0.0647208648597326,0.996973052874179,0.248566294395769,-0.0666278922833233,0.5867982475504367,0.4942183802841984,-1.0938095339216285,0.8691796423927186,0.0454064718956495,0.2588418712244432,-2.18039700034488,0.0442460541230931,0.3005820239847016,1.8561380024107828,-0.6096424765596442,-0.8572021201539304,-0.287106088066652,-0.4932520587124813,-0.1053929284115012,0.558763941423034,-1.03604736733332,2.0453319315036254,-0.0163647665719953,-0.032089911494156,23218.58
-0.8659329471916843,0.5556390024386442,-0.7441728254322664,0.8103143878640586,-0.9566124072298196,0.1407621253554483,-0.8108186791420869,0.1220610694700772,-0.8687266157088295,-0.8848701830803848,0.8447204454621513,-1.0997708806515365,-0.5654356448442956,-0.8945810212328577,1.0059243108873213,-1.5359421681925145,-1.3724195127900776,-1.7013006777313475,1.3927495052350576,-0.5309320517702752,0.8235964510241672,-0.0573557006463372,-0.0604410688492153,0.3037856794672744,-0.5759400845722716,-0.4019523658032036,0.0462843304660237,-0.4202376830811735,11847.43
1.3727740621873008,-0.5579321208499801,0.0149077602869355,-0.6126862566372366,0.2854362004369532,0.1460380866782929,0.4374626255051278,-0.1935197865803252,0.6327751462610506,0.3938224910702854,-0.6016481839961438,0.9580944362645636,0.8618547496404246,0.0933876282789993,-0.3861771269591558,0.9102695174515392,0.8022584910464049,0.2298920185046809,0.2457396674494142,0.0352049140665034,-0.1595541441687721,-0.428989765897687,-0.0401205781209635,0.2073839751595871,0.2197259824527103,-0.4129818339098162,-0.2524592422295844,-0.0597821826810932,6744.6
-0.3501398756825696,-0.7960318040109954,-0.0401347688351146,0.0497102922869269,-0.6934714004271861,0.7977388634818953,0.9430086914307074,-0.0727799170077164,0.3556229577621859,-0.4419895465055646,0.3157693491284912,-0.0275334322696642,-0.0397722409083977,-0.4197235118775795,0.427940122801189,-0.568306871041584,0.123959478188961,0.3130111968013448,1.5047756849604863,1.8169926182784075,0.214924320680744,0.538488939050225,1.820917097826506,0.5932802475374188,0.5878486490512604,-0.4750139234868329,-0.214199832666757,0.0802987724644391,1944.36
1.5658009555978467,-1.1954365516836865,-0.0525958385728521,-1.3446904872428984,-0.139247015889927,-0.2582612381240915,0.3606439927401194,-0.2651980745252356,-0.3130383202876263,1.399480151478497,-1.2116230651955118,0.3233703743452113,0.7760925941633744,0.6236972204881227,-0.5232589348959401,0.0054699577908547,0.7103386313268405,-0.025735749468313,-0.2940066538407243,-0.0890239638819737,-0.1601542468135598,-0.4418620407286008,-0.0005838585562923,0.0021581696883334,-0.3559899722255125,-0.6174780806166035,-0.3060793753561711,-0.1378604809852368,7972.08
-1.2447354067772591,-2.6613584476583734,-0.3360514448449358,0.7800338212569822,1.416679909378315,-1.7349640935469517,-0.6876279586702772,-0.1225916935273981,0.9256156219104418,0.295856727332566,0.6715103292883084,-0.3534814680657757,-0.0591095876291401,-0.6670541892793261,0.7095653030795523,-0.609024557211707,-0.5133847884968432,-0.5142041068392179,2.0728686799732285,-2.5132598957389365,-0.4004076172183515,-0.5539830679652926,-4.20030150791425,0.8519844770920131,-1.8544578649374512,1.0755439585121456,2.6373865083456285,-3.849967917320359,20001.91
1.4404445675744837,-0.5612829648411565,-0.2466558332985744,-0.2819354804827244,0.4696758341595943,-0.051305580558148,0.628030828061229,-0.217685593916443,1.1444339744081002,0.2084979121692201,-1.3947762270073552,0.464245795291462,-0.372794186495449,0.0110714036048145,-0.0828372086443758,0.6088228913443893,1.0182261678517663,0.7938029767616078,-0.147862793480681,0.0199797993533444,-0.1454480605014966,-0.4256531508621667,-0.2037326096028976,-1.5465252324036378,0.2266143975432916,-0.6176675436594532,-0.259471696920413,-0.0648492632839461,3040.7
-0.2172397135685702,-0.2779333148972084,0.8370277942260543,-0.8478633926193464,0.9844644482796212,-0.4966116435301113,0.8096653083372656,-0.1998323428425967,0.1846802909589909,0.0901881962546209,-0.8572053053800369,0.4942742179852806,0.2723580676071499,0.2939208546756496,0.7431087399567877,0.538334784385116,0.6280420846655831,0.7758030994277328,-0.691919685112231,0.0528039205138653,0.0064634246159331,0.5278053547476963,-0.4816404651047821,-0.1112284820081416,1.786478245800646,0.0641733646923279,-0.2456663484805616,0.1137714612946536,1459.58
-0.7269522252576823,0.7773367960548505,-0.5691937430286305,1.060651019038785,-0.7771453959543665,-0.2663542114772587,-0.8935191897685764,0.5427455499892777,-1.5033944609141692,-0.9632914933945556,0.7312696501109573,-1.1535246004525002,1.731554713692205,-1.0122360476694556,0.8271614309518498,-1.44523166564592,-1.58072920434211,-1.5170924488219144,1.7859538219218165,0.6283885060368256,0.4893866600945956,0.5685957173918085,-0.1270393595561601,0.0295197953607927,-0.1260357904769649,0.6944279494082269,0.7197614860595132,1.1804094888901395,3189.75
1.7774313735360514,-0.531191157752149,0.0539771523336474,-0.5158355230231251,0.2152249200258074,0.0258569146975153,0.4147381861204035,-0.165846466537742,0.8852317442702209,0.7335431854926925,-0.4112395854028918,0.6219964321921053,-1.8491464409880976,1.26283570581909,-0.4957584829379203,0.6466786119796941,0.278993617785837,0.2929361038481125,0.2581908865620347,-0.5005675000775469,-0.2174305354855661,-0.7430074921431316,0.2974005867519894,-0.6599719653160544,-0.6410030565027502,0.4663154003140949,-0.3358274353668062,-0.287489967998297,22088.66
0.8804977333667959,-0.7193958667813959,0.8244669903716141,-0.6965652093043601,-0.0063115958849751,0.7346789956063159,0.1789549576657534,-0.1128349197171972,2.2095876204891773,0.3925712614346783,-0.1455479577916486,-0.277471936061589,1.0303189856842832,1.7734874881980125,-0.5714872567351952,1.21661996210333,0.411817285585538,1.218974920101188,0.2500619212753427,-0.027885322575649,-0.1279548945858069,-0.1453164360227649,-0.2670736692545641,-1.3391038805070783,0.1743629870086666,2.80656948072679,-0.3764018031401557,-0.1035835780002976,14635.75
-0.7329834361130808,0.346380997207495,-0.3717918128827491,-0.7008547137281826,-0.2441936086129815,0.9178036854029056,-0.301644320500428,-1.2148725918843566,0.7835948933525297,-0.5926138285036893,0.637158414296919,-0.5725162007879782,0.4829078865827791,-0.4768119490495603,-0.7868600360885379,-0.3580206090648722,-0.371923567614074,0.2539736755425958,0.2909386664265512,-1.4366132540796976,1.4100276528703208,-1.172566517934218,0.2788648504686055,-0.6053052171499714,0.498484812527955,-1.5834590602090606,0.800984677282567,0.8233623061849457,9902.13
-0.1485906959074687,-0.2012241422023732,1.81774132287236,-0.966357993725518,0.3056412384677027,0.6805035348109566,0.5161161668549921,-0.0654857480356867,0.5960788640435014,0.3953896749733982,-0.2459639372717796,0.6984554886356968,-1.1149964015820533,0.8309749274657032,0.1892396676321405,0.556542001231241,0.2878672368683073,0.7517868782718257,0.3206806424088147,-0.100946365050914,-0.1734501237820605,-0.4703975358714568,-0.1676872488314326,1.3650817729997653,0.417860222862405,-1.1180509952646052,-0.0243726791691733,0.1993437815212822,19437.61
1.6432997786133514,-0.6872304535909303,-0.0964694426795382,-1.0367655531524476,1.1609184502445984,2.3133720895662133,0.1344744756352194,0.0846469709312221,1.2991292450521097,0.5053798239657269,-0.5696535583938331,1.0494283121221375,0.0799576852894071,0.8620834709245117,1.8104396907440228,0.5559004540068815,0.2279180392860912,0.2348671496386054,-0.4546210419123014,-0.2477065701878448,-0.1459844092894953,-0.3772179890571608,0.3503185494794767,1.3876471150007066,-0.630843736641648,-2.4211463379986955,-0.1560586801499008,-0.1644241134333316,1858.36
1.7812011854091372,-0.5771816904564743,-0.2519018650993135,-1.009847877873765,1.517188841117685,2.140590811551402,0.2838189566672168,0.0342741140413794,0.7536567233434127,0.638071642317072,-0.604043794313836,0.9021782136301966,-0.1399382447038679,1.0103249160976189,0.5058263365415766,0.3669834497723521,0.328259672274895,-0.2062334725663077,-0.1955213341260147,-0.3153042739351915,-0.2219064401468725,-0.7724347655326291,0.3687821649117258,1.5095398328283491,-0.5090261500850791,0.4965329675965203,-0.2974222103646547,-0.260607698373693,14020.54
-0.1866295167261139,-0.0484412012950924,2.2245913906638264,-0.3208245682977176,0.0555329812920638,0.3961409570643794,0.458865990825279,-0.0766180657744446,0.1514183077967113,0.5788834213363022,0.0436436726658228,1.0852573878178016,-0.0325346889699603,0.8941850600647818,0.9464059475953696,0.6398343082251259,0.3115578262315846,0.8982159745989455,0.2977042111926877,-0.1788857618074029,-0.0679302765380394,0.0876075851084872,-0.2098230538017454,1.102193775470912,0.0105548471153989,-1.1313989337828496,-0.7202463520522084,-0.5942348208469512,12552.99
-1.0060659201478974,1.1896101512162218,-0.5538613443948738,-0.7992867546467444,0.6758382008492252,0.5771148514185269,0.8686922701798215,-0.1388110535337444,5.737690954347244,8.134879899538003,0.9716635503572504,0.5691474452433426,-0.9230759158700692,-0.8058666128425588,2.750759758248255,-0.1207059206869535,1.936282173813208,0.0477661790904146,-2.508802404651748,3.233542035663845,-0.6455552282702004,0.1575437015900435,0.2344036332412349,-2.343051501618325,0.2156513077369897,-1.6296443298015004,-0.9731430577295348,-6.821422322904652,14693.13
0.8614906565522717,-0.3041939895061566,0.8866521962058033,0.4557403533085389,0.0644995544490642,0.5794852264280814,0.2302234602003073,-0.0591337371626962,0.6774379003430205,0.4857883422702169,-0.1261841206899409,0.5181550361323736,-1.8859845381922136,-0.1041202923621284,-1.6994842566046688,1.2125618778050833,1.1206314805085886,1.3832104952595805,-0.8411874228774288,-0.3883767072444006,-0.1227580927968016,0.0656104352285264,-0.1539379626334842,0.7131398531354688,0.7568926002669065,0.4251372857602569,-0.1687651212383339,0.0524987984549556,8994.03
0.2666719297304405,-1.5446572779880254,0.8274001603279805,-0.5788083262776652,-0.3470628924364829,0.8120785563059196,0.2675876023145294,-0.1119272115659612,0.5466759659511594,0.6138534160499778,-0.6733113275806192,0.5549304258165959,-0.1947506962655756,0.4096797923630694,-0.1445159853118872,0.5555554916792549,1.0304469190066603,-0.7542690884769911,-0.3128928058220906,0.9271207941217268,0.0623659592665852,0.0962393904238447,-0.4101941387449913,0.3207802541238337,-0.1300415091377886,-0.6234207360734662,-0.2629043043949248,0.1905663732195143,16157.47
-1.3207984314460974,1.327536319420964,-1.380703215219358,0.7425347359172293,-1.3220514560690777,-1.669767726396015,-1.0461490141672438,1.4753372135157177,-0.6414469008100079,-0.9090121530851568,0.5822834321245876,-0.9789824677391112,-0.6266545324900313,-0.9906765700661072,1.0891163129719803,-0.8913469947317838,-0.8591541918110843,-0.806172012570307,0.3097001913856513,0.6532001437492964,0.2516209510406266,-0.7059626898035098,-0.0324344151297031,-0.0534421792930119,0.6862381536947786,-0.6246079527885393,1.363687960995666,0.4815738299664878,17114.4
-0.4033186094710436,-0.3637617121735937,0.6411628436993544,0.4573956833868458,0.1850456725142161,0.5933159619917077,1.028597387812846,-0.1693192437417469,-0.2267323459577857,1.104119213454927,-0.814891072616571,0.3341294662656832,-0.2756527563041297,1.1372035431782963,1.7023123121620607,0.276632596013128,0.5952254825013075,-0.1460341473906873,0.34522609096636,-0.3816671015074928,-0.2566992787516404,-0.6798635948065415,-0.4035832768719762,0.2376363791464833,-1.2398282408404164,-0.2978682334338739,0.1074483538370112,-1.2586405634574875,14523.33
-0.4027228390356592,-1.2851637384406136,-0.7273012728341561,0.4865275805845319,-0.5208269953855131,0.2844298455707529,0.4588112070699922,-0.3658824343216396,0.0602967873823078,-0.5758893195541968,0.4452728226561437,-0.5632434716044418,-1.7773681587556935,-0.7459655387779097,-0.5130503206326917,-0.3075698477563128,-0.1746847213479954,0.219750880715122,0.1017501584707917,1.9424218479185555,0.1812966072123948,-0.6919964133046534,-2.063748919664948,-0.5181941159351409,-0.6931296159251393,0.537132585927708,0.4111643494408855,0.5332503701919384,13267.8
0.4993869120239209,-0.7386600924798886,0.4301152426469196,-0.0374189949136649,0.1003354833177037,0.4193458226289845,0.6168518371128103,-0.150330487341152,0.4292725047850229,0.5993727609967608,0.0189671781214441,1.1252674035842412,-1.157351581074139,1.2016583209333425,-0.392309207908166,0.2277662045935403,0.4592248471953519,0.1487805784228534,-0.5391893852607325,0.2218562149381584,-0.0092892525628837,0.0302838353088276,-0.3903700507186332,0.4903241153592538,0.853264504479137,-0.6902372265805315,-0.287264624621345,0.0325938081382419,21375.92
0.0800849490285296,-0.2075807504118485,1.3155525844763434,-0.6556160057869571,0.4110056338356256,0.5673505380291737,0.6959774346028847,-0.1655283960750471,0.4135944110685909,0.3232238492780668,-1.9051774616941717,1.1256832307026845,1.7151546276685652,0.3983142413721668,-0.7675011230074685,0.3325831869684713,0.3354400680362536,0.153524260851553,0.4096042312962266,-0.0456499475789778,-0.1242176834846571,0.0585408995617302,-0.3636370965251243,-0.9231205585222962,0.4047352626348715,1.1841505381604849,-0.2024296159041531,0.0051532911246664,20159.13
-1.0874782192018375,-0.0060061300281022,-0.8796438191096393,1.0022347515157837,-0.7362395267591829,0.0998391080890214,-0.96462589851472,0.1586077257662095,-1.0460551143046948,-0.9256108368339871,0.9790069319036284,-1.0233833823907643,-0.1268188380839735,-0.9014799891424709,0.259377544654964,-1.1214628849014845,-1.3917722925102198,-1.1370613512714105,1.1145952430788573,-0.6974800387359062,0.0270938032823955,0.9571090630266618,0.5787982136832573,-0.4118467160241935,-1.215752649230208,-0.3235465837851581,0.5939089226510992,-0.177656306344069,3343.98
-0.5804469103411091,0.234575384298394,0.602554926961976,-1.1782558985352356,-0.1259758999989318,0.5625058605354123,0.0837521196580158,0.3548566047290143,1.0141600854919512,0.2623740748388842,0.3475549636049987,0.2254747563517533,2.3794459354208164,3.0439460480027107,-0.4927355034018566,0.9365031575894776,0.8428437417360795,0.0629692940207192,-1.4106795102600271,-0.233535797562526,-0.1510647240477731,-0.3393662529348446,0.2061263292375564,-0.5331265977736603,-0.5654690207285781,1.4049212178740214,-0.1249602205264415,0.031057377346157,16712.15
0.0052117808522429,-0.5261083299118909,-0.3945546232012451,0.632745253736072,-0.1752601659538308,0.5611126642406999,0.6762482841126151,-0.0928606304766754,-0.1861706200480128,-0.0788928098730408,-0.1807149023659616,-0.1582633142155893,0.1783682694268018,-0.4365640469619458,-0.3935505292759396,0.2315920094810502,0.144210615755164,-0.131961915979433,-1.8513243723508788,0.7366875162382046,0.0886837629887235,-0.2423262378651096,0.0546891054585214,-0.0300140279160936,-1.497946175714688,-0.283137493150863,0.1279778917585473,0.4691469906147574,631.34
1.04421053878283,-0.296471026483195,0.5229813836285907,-0.1806969302651209,0.2254108156768032,-0.1506008935398465,0.5801109336874344,-0.2191153140558612,0.3919944886098924,0.6042458788145313,-0.8591159567331371,0.8680640029433662,0.3604142511415359,0.950696325380724,0.8470294865310497,0.4184074627697672,0.3203608934318138,0.1199251519250861,-0.4437483777897621,-0.2976059264713102,-0.1154713548780063,-0.0662862263210884,-0.127607123675576,0.733089103051354,1.1765539121490265,-0.8557711832544294,-0.2314714276940916,-0.0597459769746512,12701.68
-0.1713380309775038,0.048950791415275,0.0173208216943597,-0.866630209321554,1.5340668452895203,2.317908663396443,0.1827389871288698,-0.4562158896534361,-0.2311202395280132,0.2430165079915252,-0.987387420493578,0.6619248355582962,-0.2898914651927519,1.6918790301923146,0.5493782652497945,0.7101860217398891,0.290261663941618,0.5478328248766603,-0.1848732969919736,0.3752190465486862,-0.6082170698058831,0.2410804091710385,-0.0636994849607613,2.173505616521682,0.784809312103766,-0.7609580109879942,-0.3863323413937241,-0.1530605213336121,4645.57
-1.923573643045428,1.8714630988839296,-2.1350622965316024,2.3450473607913294,-1.7313767756812024,-1.0970059140638304,-2.143156667279642,0.1937393888168605,-1.9147851286480329,-1.8954735655531487,2.111025756266053,-1.696444654863972,0.9338098471865354,-1.6386159425837843,-0.4472941589415732,-1.478382916303847,-1.355524249429916,-1.4295606799283127,0.2953309403904933,0.81535339210604,-1.127798431759212,0.9364892844835406,1.2651167286192606,-1.7050452700632617,-0.1292236720356791,1.3823250974289745,3.010434592601294,-3.564204310050371,7449.53
-1.2769240551223262,-0.1269244394720349,-0.264188412439628,-0.1451575831885116,-0.2886723010258367,0.3259655928347747,0.5568581255124415,0.0771417612292966,2.513630654510861,4.500973276687477,0.150576422667687,1.4266506327755626,0.0667542808470566,0.6470792166574142,1.810211207510499,0.4122950747040125,0.4354545025536341,0.2843116658683438,-0.0873715504574515,0.4598563596103096,-0.479113149705113,0.1835512653576876,-1.4797823556092993,0.3019662199526604,0.5638574985310285,-0.6809749854304936,0.2916551744074486,2.732370081672668,6442.85
0.8330763075630149,-0.7523136033531185,0.7174140172794731,-0.6631508189030412,0.0502733620896552,0.8962531911457242,0.2557906836477278,-0.1007499167109267,1.1531052174634746,0.4568259454560291,-0.755465546332169,1.563990031459872,0.6945483393993254,0.4677927893931088,-0.990525728405535,0.792790675770082,0.2588963455726215,0.5070563463358141,0.7698731292337442,0.1227436171375542,-0.1777309185153512,-0.5590534117512692,-0.2491293972520075,-1.5387654488685691,0.3325327804014071,1.9723289139073696,-0.3075949574082264,-0.0638961214180115,9937.69
1.635286918038651,-0.5607756168936536,0.0351044937434623,-0.5925917608483675,0.5117659972455477,0.9112871915773816,0.3556649962293571,-0.075952044716135,0.7682220334541557,0.6531141951325029,-0.004966697732802,1.3122418565888203,-0.8513831161530205,1.174120257395299,0.2695409650917707,0.1036594762250192,0.5447239003796585,-0.4730769160395294,-0.7478912731277791,-0.5396626754732072,-0.1757855371358717,-0.3540030671233594,0.3852965090320954,-2.170757480986888,-0.952020616420296,0.660864269828333,-0.2688127376768721,-0.3089445072593593,17319.48
0.1608901425513515,0.167650874312054,-0.250796389397685,0.5193749827155759,0.0369998527711247,-0.2175396968166524,-0.1071778583564718,0.0057250342047458,-0.5556844649331995,-0.3139477193284917,0.713496731476787,-0.589701605314982,-0.9744315837848864,-0.6873462991813452,0.0518991067670283,-0.2738565678191453,-0.4944058467750422,-0.0464600036937674,-0.0808559569770778,0.1396230376392954,0.0458731698759199,-0.3850218915677212,-0.179327039197153,-0.4959003268582215,0.8199701070328067,-0.0529079311639192,0.4055500784273568,0.6159073851046953,17234.63
-0.3549288502362844,-1.2442142496956226,2.0993905815810123,-1.9882451375161136,0.5919066464922819,-0.3868623294457274,0.040565622944725,-0.1112808937451738,-0.724512848711064,1.0560073598076298,-0.147882555943682,0.6295183483409834,1.4352521988101188,0.4852989659461137,-0.6067336357963315,0.5752171097883476,0.3830642054039412,0.7351886702405347,-0.4890976629032804,0.1043999710904297,-0.153430167351656,-0.6111621925257462,0.1828663124969915,-0.0344337836473414,0.36998110477759,-1.222747022978372,-0.2478191115014889,0.1293676168127169,22114.68
0.91986725918319,-0.6780083607573743,0.1462537177430904,-1.1682804064022911,0.9966007521568436,2.1837376489291644,0.1979898549336215,0.0528073764277827,0.6725851805849129,0.5333479218847405,-0.6127087608804578,0.6583592095628745,0.2521975126993346,0.8199489980732532,1.861888244640299,1.172856756616669,0.1796257865396772,0.3874840452270851,0.0072966980766925,0.1204391636199711,-0.1616856498675223,-0.7501453582715657,-0.0124345281458037,2.3348925354420422,0.1421464975861953,1.6747418557932794,-0.3232175063269628,-0.0346603379459719,17409.31
0.8682787076856814,-0.4226578080239638,0.682979419142908,-0.1085138246365765,0.2182536320571505,0.5679849020797104,0.4495414138769119,-0.1308017948025623,0.4711205175256377,0.6039692964458139,-0.0057145966286829,2.0362442648657835,0.3120692620211178,0.8063870544289009,-0.8970149951809971,0.18240479918849,0.4369301823405746,0.0095944954698721,-0.294714765493314,-0.2371657291555999,-0.1118226690737167,0.0237557896209426,-0.1392034723936077,0.1137449657954895,0.9801164955121808,-0.80256717141754,-0.2014491081576089,-0.0676151736524965,9608.93
0.750083886163821,-1.2507841118091156,0.7933017377257052,-1.1636990732237222,-0.4290576379600946,-0.0782881569925731,0.1776031064066121,-0.2018875993217806,-0.2937095662730575,1.2923399954914654,-0.8099843429512046,0.1160242379353293,0.1370526529389504,0.5563776179352943,1.035075193531944,0.3494211429090655,0.6387502101069745,0.5505250317613448,-0.8029341541797986,0.091896848683069,-0.0420960487349479,0.0930941050848414,-0.2586049715175452,1.532434371284519,0.2356680229931964,-0.2999569591276889,-0.2490364005510619,0.0960195542260184,13231.68
1.1229433832271225,-0.0476601183948941,0.1413471983494135,0.516493531067733,0.5752639956255398,-0.0739668402229228,0.5367207347393506,-0.1926410619819475,0.5869297123086655,0.3536337427661505,-0.206502925871257,-0.4310124431728151,0.3780676566491434,0.1053035621080333,-0.0982078036410597,1.8947182737644164,1.5680592053320896,1.4957739794977063,-1.8448371274677704,-0.3469203195470851,-0.2017047248627869,-0.4972709116393377,-0.0897472884594023,0.240616147330773,0.6765147093467326,0.1152530201948018,-0.2511954209039861,0.0565594652180238,20088.18
-0.2117926747074975,-0.4952951267646362,3.001781864734191,-0.7009021035612647,0.3043879270084635,0.2071323373277709,0.5557558922882312,-0.208245017423443,1.0070772407932005,0.437601364007224,-1.2483966721955655,0.373612402612507,-0.7830692241527625,0.3299956118878047,-0.2206562126267175,0.5641413858410416,0.2793442978919148,0.2563460919794562,-0.5844861977767697,-0.166973976180766,-0.1625245360984591,-0.0642457068926627,-0.0837744246278285,0.8093489747022696,0.31698625990101,0.4277907955655389,-0.6830871029751844,-0.9405341499881262,9210.61
0.9404695342126124,-0.1856093175514867,0.3229154907279333,0.1838155791589681,0.437134012746527,0.3139466296107516,0.4482446754438555,-0.1232758587546998,0.171996391858644,0.471266457518588,-0.0356875740716433,0.3626139971949339,-1.0373297857525263,0.1027254782445998,0.8935156315100763,1.365886672609271,0.9471223324762452,0.9938119683330732,-1.3936423851258208,-0.3409161650354136,-0.1127777970584461,-0.1038273146457033,-0.1264458896139061,-0.5714467522825228,0.7475173781648314,-0.0316557870730215,-0.1992018749658168,0.0333068795148658,12837.51
0.052328540243156,-0.1034245268151841,1.220191281835983,-0.6913687008956906,0.3562450389175331,0.2013431513469082,0.6636894298870354,-0.1314701050031654,0.144952661371558,0.462323986819658,-0.0215575635782474,1.0183053217804698,0.2198077453651542,0.570983437568642,0.1956030545874241,0.9613758669565554,0.3287847735267044,0.6535063976050842,0.0585862954448251,-0.026647203934636,-0.198631158267595,-0.6014924570527367,-0.0979736331981105,-0.0613463802038089,-0.3177869381463809,0.1841796861410318,0.0523765022692728,0.104343984739802,23785.94
-0.2853595433884658,-0.1417336043063913,-0.2162471333453022,-0.1763414283731394,-0.0867377601205881,-0.2682363322982017,-0.2216883572048227,-0.121349344516017,0.0725368477239004,-0.3619105591510446,0.6491951263479262,-0.6279786016224839,0.6393896229405105,-0.7102232285859152,-0.3498921541101767,-0.9960101109805116,-1.0762099160897995,-0.8615232184487901,1.0865210109389671,0.1473796475814694,0.187081465436058,0.9382333494084044,0.1456989353806893,-0.4833444344883323,-0.2536638953696181,-0.0609528457036114,-0.0987554960152673,-0.3646563917663444,10470.53
-0.7977680081704323,0.7632072415254891,-0.6602476476531204,0.8135433846856649,-0.94421181561396,-0.2630187451423237,-0.9893040710639256,0.6900795029676688,-1.10712969813984,-1.1150235974396372,0.596751379182288,-1.062864437884352,1.6243315422583402,-1.0158778473822483,-0.2136157433048558,-1.5635902350459765,-1.5077720661564065,-1.545580846033058,2.4653176696908945,0.4310912679260347,0.4813506317822684,0.5545042344340304,-0.0037403168276024,0.0613051725158077,-0.308880891072923,-0.231949366990323,0.3836487133728913,1.0509964873110071,20924.72
0.2095817606154872,-0.1648829284613421,0.7278938639906783,-0.8745392198873154,0.3348341837143918,-0.365143246494654,0.8481723607627611,-0.2051069575771085,0.4491049562809502,0.4367196666342276,-0.9823998142849846,0.8207761010495148,0.0353450954204176,0.7762919543195239,-0.5043274097971076,0.3420954210421601,0.3606362184999047,-0.1664702405298958,-0.426485403823386,-0.2145230454336525,-0.1976416653622731,-0.4800553083530695,0.1011296064369789,0.9632507371226724,-0.941628884230976,0.2661554643828436,0.0590508295368149,0.1457305520563185,18787.32
-0.4782928276559002,-0.9285391347862172,0.6503464893562706,-2.450048966420874,-0.1286667929564018,0.805211315094936,0.2442285283002022,0.1407819468103527,0.4687314872245826,0.0522816295636965,-0.6210661215210976,1.0663751010713836,-0.5217213292052988,1.0976157593793587,1.614173163302253,-0.5850743100881854,1.1483811460676072,-0.0055104515426901,-2.471125936101377,-0.9458481788092707,-0.1013182039264043,0.1354077008622759,0.0604188518004335,-1.034103085835849,-1.0658041862408052,-0.2924392959848332,-0.3001177012786607,-0.6295208951836282,5755.63
0.9578449333544256,-0.271728819035646,0.3751086213508612,-0.1842931235378292,0.3348822027770858,0.1638270861050741,0.4903772859309013,-0.1504168637317363,0.2278057134155165,0.4585831129496747,0.3008482906359269,1.2443779670544577,-0.114318273771721,0.33767770404963,0.1707805211099507,0.6946841419569731,0.7846812590131877,0.3676692540566433,-0.6924601125512834,-0.2810149607873387,-0.1356757603562811,-0.1898493484240477,-0.0464618525570464,0.2139316940832064,0.6243454826105692,0.6223917388573162,-0.2501763891663538,-0.034175252688195,16448.2
0.0216004897612341,-0.4107506573017286,0.1923475573805803,-0.4839288608972033,0.9223599529682353,-0.0046356634782304,0.5030313040594016,-0.2515520160359294,0.5194436199649457,0.5390593784279324,-0.1778710681152522,0.5607761961986619,-1.5210547085778428,0.803179133380602,-0.0216041896333188,0.2551312892191549,0.5433764203082141,0.992151924834398,0.1055613213848964,-0.7557845498142872,0.1918981643612458,1.173505135989202,-0.00549762793545,0.4365660264832593,-0.6396769024469534,-0.483158379896121,-0.0556803581178841,-0.0470944097568153,6161.03
-1.7045165212124185,2.599199263414968,-1.205390551666046,0.5035268915774673,-0.9496739599896844,3.226002264832025,-2.3230949360903512,-6.02771190844393,0.2733890173381638,-0.6988930885075612,0.9902737999824864,-0.7077802979248432,-1.891977209970506,-1.1831172146581477,-0.2876867550989426,-1.2309706875793731,-0.7223827986406642,-0.9906296537266904,-0.1699959324488801,-4.118596470540463,8.087080028016498,-6.450353017960277,6.343132317756874,-1.0750482999624311,0.3498809024854172,-0.2402610752267508,1.534445136055664,2.1541018884187397,11002.0
0.1732805609896633,-0.1968271238543628,1.277417876515155,0.2521454172224593,0.1207477962310471,0.4456247829988455,0.8368007813438313,-0.176322511896754,-0.1185598190989522,0.8075907917860704,-0.9459803402162617,0.7885854646559466,1.3090845924729548,0.6664928323373156,0.6030619019929034,0.8707295820569511,0.2584223410192821,0.2226905335076584,-0.5463522049049684,0.1559133466203741,-0.0753694551812508,-0.0781383983712452,0.6636831869012549,0.7423499711449505,-2.139995176851556,-0.9815697805369058,-0.0428887445955075,0.3933387857032464,9091.39
0.9608060597358788,-0.4467923206607956,0.4009414608697568,-0.2193302723522792,0.4570077423114783,0.9634738175226566,0.411459523468901,-0.0972883802679486,0.6221192288728368,0.6197900781142255,-0.6858385381160146,0.9804587765649831,-0.4729974903900714,0.8785550270331334,-0.6991066723390031,0.4019782216378207,0.3083264323560604,0.3337842059034153,0.1369394057013517,-0.2829887085996863,-0.1547544390022956,-0.2676262432857576,-0.2800901150289216,-2.104435562832529,1.2378729660693963,-0.5809046652044749,-0.2084888657862647,-0.1103395393027033,16798.85
0.7656684854942607,0.3810357322500886,-0.741390480495616,1.1678582508222917,0.3482938516788537,-1.04666775862947,-0.0517811624945618,-0.0749701026428502,-0.7811109012292186,-0.5046815917919237,0.5796429400317629,-0.9315206022758667,-1.9399401947949109,-1.191212576009025,-0.6735571874438772,-0.321055142638973,-0.2147230638596126,-0.1723134832132425,-1.6661691245922183,0.0826545191181182,0.0557785670983245,-0.3985997354595911,-0.1053258301076503,-0.272015090340978,0.6945343301056457,0.4782710461632381,0.5903866664044277,0.7655605655437006,19823.66
-0.0724159946755152,-0.072065501364142,0.6239172170509689,-0.860026970924409,0.3250559989581095,0.008374363510477,0.7736313321519711,-0.105513194569475,0.2377904721215618,0.3147056128431811,-1.5538776746724088,1.2055677730344274,1.2901249486187556,0.7443747422546934,-0.8896124266818799,0.4825619160059056,0.3199304452564583,0.037355198199828,-0.5023317851894393,-0.1502927483610195,-0.0715215304713625,0.2699680533269329,-0.0829734294901792,-0.0385955493199565,-0.4462006042266678,0.7093459695307837,0.0296478360561415,0.3120515790636467,14194.92
-1.8508044182580967,1.673676054450712,-2.082557729774758,2.3525325666455883,-1.6167709063900442,-1.007660888876959,-2.065668454141913,-0.0277719750110552,-1.928599480316529,-1.917847393873491,2.156924951959613,-1.7224215547094546,0.8069605440568154,-1.684051209708568,-0.3963289482347445,-1.5077238513904774,-1.3883585798753602,-1.4395255815967958,0.350908868928599,0.81303929474531,-1.1343722166918302,1.003551404705996,1.144698912657053,-1.6935679195214526,-0.3702766807280552,1.3536813888361627,3.0619988386647874,-3.5398683100302306,16791.94
-1.0542690568317743,-0.0403771702855721,-0.4786665257285297,0.1801099290575805,0.349089582078108,1.212210881003018,-1.0721946476490476,-2.631949944487874,0.601649572933405,-0.2147060971072066,0.0866496103131454,0.1336721309326362,-0.071297911061031,0.2329233096253521,1.0219843760193856,-0.0300801540247847,0.3977726232934035,0.7105109095260671,1.7643393786616852,0.872787488574079,-2.9358897957090013,2.561209959354888,1.486847250575535,0.0238199066956957,-0.0296671559104924,1.1455673973412888,0.6370618078080137,-0.0395297789146603,13581.46
1.8423906546436453,-0.684725539434618,0.2181660237047618,-0.4115778724018912,0.075706527336499,0.6291255244050755,0.1689065260791965,-0.1446258088489117,0.4317514570739489,1.1072232687892751,-1.961616834104444,0.5427911317896587,0.6964838156036713,0.5683150458370537,0.3409701310668652,-0.0841011976610827,0.2831755213376317,1.9631529980825877,-1.4618090650867832,-0.8035865506884808,-0.1200256919490366,0.4878040015574237,0.050680666286775,0.5255477115371558,0.0672388738447686,-0.9134188103324982,-0.1491860692386458,-0.1704751649244273,12238.29
-0.3949668505066206,0.136647881108375,-0.2776530417634946,0.0821776939751153,-0.3191249501813648,-0.0297712831454088,-0.2768375462295083,0.2133443197751641,-0.1723919882424617,-0.5737277105660175,0.6818731985818045,-0.8184871135422223,-0.5835955268288991,-0.415416674064695,-0.2732171285250716,-0.5865134805698167,-0.699713235878329,-0.2018443091975146,0.5028181826650194,0.0156378311189727,0.2180742169434154,0.5371092439089076,0.1099746010067431,0.2024636457277359,-0.7303426609535857,0.1043889809623605,0.4103684802676888,0.3465642044932163,12116.99
-0.2981947989070976,0.102596755343957,0.0287752472512319,0.2887228681566001,-0.020548116779864,-0.2338475690552594,-0.1528461319408077,0.061989765163836,-0.3396075209723548,-0.3278115342171223,0.2818846245802842,-0.6245997673014057,-1.5207369360391343,-0.5046932526561505,-0.2601849435508152,-0.4982307705988821,-0.585038957758125,-0.3135808306632899,0.2097384344602765,-0.0289827204432845,0.0986753463234337,-0.0140549934146488,-0.1981279675490682,0.0132575945616092,0.0643933915543477,-0.4253533792636029,0.3113722172245349,0.4503616684238468,6643.78
-0.5666093904616764,1.4097960410784791,-1.5349673801177892,2.0658735027900605,-0.5976955767146057,-1.528695960775168,-1.2831345016823503,0.7440530728243022,-1.7263805735338122,-1.7459752047826198,2.448924016892165,-1.9262570421408816,0.1539715638599199,-2.0474133129760683,-0.3780590485480595,-1.8333330143688775,-1.607382172916624,-1.5129547986295606,0.8005989703258305,1.2765327699875495,0.6036749945606747,0.2624596923798541,0.2960283770312486,-1.911061880874877,-1.1323709433257012,1.3208861255535311,2.6292319709215835,1.7858793489046536,10982.95
1.0568860805561433,-0.6414521411997427,0.4337379042887703,-0.9388512371747464,0.0509171788125234,0.4114340048699294,0.2270089591079658,-0.1176535822450637,0.0964499325451845,0.7170296038271302,0.0324836332448242,0.3918312138844168,-0.8285146369309586,0.2907815453706017,-0.3277226186237135,1.4109710369046635,0.9612236742543456,-0.2110879685193524,0.3791974253441364,-0.0892976002007576,-0.110520529626884,-0.1582735613996806,-0.0697480611884707,-0.66746621339255,0.5448316987696481,-0.632820882482983,-0.2104150694743442,-0.0430378828286525,11606.14
0.2207417767796723,-0.1611460470508711,0.6306944123341921,-0.9294160552180756,0.4368775724266107,-0.2024502525654694,0.8638376872593015,-0.2053465688803895,0.423704967231007,0.4309037626333581,-1.21342480763182,0.910354763797833,0.5843997216558962,0.710151553178286,-0.5252409713627122,0.3964628093311679,0.3098120537034161,-0.1296124589271547,-0.293309010020653,-0.1621647669077891,-0.2057463816845886,-0.5128352248903278,0.0514551799118456,0.1376240837231755,-0.8303174058924968,0.3184955668048905,0.0606640387814276,0.1386929556507693,17123.52
-0.3454446736067899,0.8374878232689965,-0.7932077435332747,1.0278980960646673,1.0001859038030756,-0.951891667662822,-0.1414356204274197,-0.2065397272006948,-1.3520289687770968,-0.953450492127634,0.9983943628851496,-1.1096740002748429,-2.269711168963694,-1.486164821327679,-0.5233728526729947,-0.1986559509137057,-0.1662353538158703,0.4180140527381379,-1.996662202186732,0.5353604276332654,-0.096581849498508,-0.4567596092257355,-0.7850094747455754,-0.5737234147940998,0.4329739361305021,0.4389100346977882,0.8409795870873185,1.2755053900426787,4177.9
1.804244013441494,-0.4767373054980375,0.0858391881883396,-0.4463814921838979,0.191456499955034,-0.2530131685582716,0.4842864726867966,-0.2189047180265666,0.9132319871945768,0.6373254406707639,-1.261372870373445,0.6949089187684531,-0.4242589087227194,0.9334192024017396,0.0745948047667464,0.429332190757258,0.3542756221129889,-0.1155305357640178,-0.0671582901874577,-0.4307184353563038,-0.2254255366679899,-0.7054763001345892,0.3271761441195173,-0.0381589689234043,-0.5768798750862828,0.4598667433815187,-0.3215707905292485,-0.2495331894128245,2049.83
-0.6175381595544815,-0.434419733670817,1.1858490304791562,0.1318211044953657,-0.3904139640590525,0.4863926191589774,0.2887015200257539,0.1577944654105482,0.436548593195747,0.2260628549421173,-1.618875025740207,0.6747684352087402,-0.9823201305648478,1.1138842767023471,0.0611205607406298,0.3678293366734035,0.8397530313529337,0.4083566041901358,0.6515789675613913,-0.7819957032706301,-0.1307612089363995,-0.2325639640773311,0.0313632645705985,1.6088592373166546,0.2669961283578268,-0.6695346822325545,-0.3889227092349929,-1.5809182750228064,13045.77
-1.9018362475356736,1.8118290790057012,-2.119271200353729,2.347316781287622,-1.696963467608364,-1.0697841424806138,-2.119769952137117,0.1250825901265469,-1.918980706229311,-1.9022790416352895,2.125021314039586,-1.7043820905845486,0.8953119925083195,-1.6525197187379816,-0.4318643085600476,-1.4873376515663326,-1.3655341488348098,-1.4325945726175804,0.3122476516714038,0.8145204687528415,-1.1298145558151036,0.9568202358213584,1.2283428738129818,-1.701547683764047,-0.2028899201253823,1.3736462260001725,3.026164549493884,-3.5568688028565467,23522.72
1.6591678547624176,0.2879375097163574,-0.6026014166722369,0.8554169894007249,1.8552832523875755,-0.5555683667281262,0.9881162778722972,-0.2427713782998872,-0.4545062062946323,0.0328957644474842,0.0456441148765613,-0.0414354471604486,0.4077482810291468,-0.9924409087300766,0.0904133307519194,3.993102287333433,3.585170353581562,3.3261864375216232,-2.7778446997435955,-0.1242104589319866,-0.2442598310934639,-0.8669139333071367,-0.0948053325960616,-0.0077821728642323,0.4852518243835323,0.1181507669724407,-0.2214405464603036,0.1957640771142524,12669.07
-0.5548119317822622,0.446135415974534,-0.4892846775207451,0.1633525500235877,-0.3851146999704283,-0.9810867352490455,-0.4283713153005273,0.1771876614161458,0.4224094401373744,-0.8048343931045503,0.9210849407994176,-1.1077093147113344,0.2727109695451163,-0.7475467543556217,-0.1929439831917397,-0.4924028378570749,-0.3895325313327541,-0.0894023576073042,-0.3662389296739582,-0.2796937337801013,0.1861648626753281,-0.3557496417549743,0.1827876247390498,0.4573022832161779,0.0403968119188566,0.5087407026103937,-0.2084017703862915,0.5750166753284777,17015.65
-1.5363247509786278,1.5621821989594749,-1.5337301137857453,0.7668695812786093,-1.5586961497415357,-1.8255643230016665,-1.2089772475608087,1.935113578326331,-0.6004735367668909,-0.8602411866692835,0.4472062321515103,-0.8922720283274913,-0.3463298262695393,-0.8666052197541441,1.045465140695938,-0.802393429400448,-0.7866493332225252,-0.786321147094197,0.1872848566567578,0.6828574028813845,0.25843674390808,-0.8847667495722301,-0.2899788053493925,-0.0169235740647003,0.9733846226304558,-0.6192191379000243,1.251100005483666,0.4159922948047351,263.73
-0.5205116453524878,0.2673827193095937,-0.4239076641828135,-0.2862339058331392,-0.6218807177700715,0.055087487322168,0.1473950490732939,-0.1137383926101949,0.2044612915530216,-0.4060268120164649,0.528403802757548,-0.6194106732880483,-0.6476119463600398,-0.5890734194202074,1.75536584780877,-0.9322623422469852,-0.6814484800885591,-0.8663435050060465,1.2328547667730425,-0.6055376900424051,0.0591133368661787,-0.2983693557252143,0.2532042490020414,0.1991787643445082,-1.6037689023561823,-2.44653768342726,-0.6239408950332301,0.380063242665457,19706.33
0.6194638761033744,-0.1330629146657509,0.5045328228937155,0.3264880882347956,0.7393243970392025,0.637776111925268,0.7125037762807463,-0.150279781897842,-0.1588327378665317,1.0102999536742292,-0.9916303619002822,0.8766690796963665,0.4940490501695996,0.756354551505629,-1.594884251239818,0.6340712812623882,0.2743825187163665,-0.0746820066438321,-1.2711819966808302,-0.3953043091152124,-0.1039417439410068,0.0466193717630296,0.0291734173380128,0.5195688717134538,-0.5289083108581046,-0.3726489526588622,-0.1646558940214004,0.0466748839095069,3102.03
-2.427645420687253,3.818688457954467,-2.2399379248694107,2.205669705065222,-2.6840001807464358,2.4045912730216505,-3.8725938980939816,-4.7903469318852165,-3.203285095282948,-3.0217327929487525,0.8217166425448292,-1.418898633207482,-2.6384163858406726,-0.3903704021626577,-3.8346096052989647,-1.2907478660368483,-1.476401606957258,-1.6895040950390363,-1.365836574435456,6.724704534436476,-8.728439564592806,6.367053760615361,4.013563366519316,0.1654680982419195,-1.1742375842398598,-0.5016228262193072,-3.788288300237869,-1.1817158385811344,3593.72
-0.2411846161200788,-0.2190609166107919,-0.3063739692583014,0.4488489199189096,2.8726010450157977,-1.5691356703641752,0.6052265457659004,-0.1769224252689803,-0.2270233727379561,-0.177260625009777,0.4946568033075199,0.099125662491398,-1.0401409720053132,-0.8798080332991043,-0.1429309803305757,1.8834645125414144,3.9616571153003663,3.661819396716665,-1.1277483881066657,0.3209675449826168,-0.1242183591394525,-0.4796546355109738,-0.0219794365403774,-0.7869831328917783,0.7777750135449407,-0.3549174804311462,-0.2689187536308339,0.2829653660206229,1889.72
0.8973540482015705,-0.458816404649623,0.5903312911292171,-0.1323643740420692,0.2264221157377142,0.6523156529767926,0.4045881004511318,-0.1030845464319809,0.6438407479356928,0.6270354232088956,-0.2574831679222575,0.9535380488413094,-1.3567485259339271,1.0105122812574507,-0.696611041316459,0.2645682450899851,0.4293021771458456,0.1818135887700659,-0.1764561098792395,-0.35341499005818,-0.1301937082368524,-0.1546514330897596,-0.1519604834177704,-0.5427754194500195,0.9626579542504884,-0.735664043112381,-0.2130577620276113,-0.0872587734550151,19989.22
-0.2369657972937095,0.453424821261793,-0.7013551152488874,0.3331014993564241,0.0333787884176157,-0.9702222391263476,-0.0943484002545376,0.0887613826566339,0.0369791318982489,-0.4625377966535476,0.4288224568038642,-0.8689214236937475,1.480900803276401,-0.3524225576888458,-0.9135133593356112,-0.6837717352942364,-0.3372754298004289,-0.2822970007024546,0.0511017150375686,-0.2183427683475651,0.2080344659468073,1.0185799975478769,0.1313897999469604,-0.4335572991712501,-0.9351570244683683,-0.9217799231235948,-0.0854441392704638,0.2679053556941852,7433.72
-1.376617518124693,1.4039281998613664,-1.4203781818253527,0.7441369506576139,-1.385397858756663,-1.7060064052843111,-1.0896275888147504,1.5959725830468678,-0.6321850186461431,-0.8960778320372033,0.5470370250478417,-0.957497128025578,-0.5580136686216959,-0.9596179219821108,1.0700835820772192,-0.8696030669895342,-0.840481458210792,-0.8003039536129573,0.2818470969830142,0.6512583873879408,0.2526002652358335,-0.7399429815490091,-0.0220663298306829,-0.0525774389880186,0.792585307485378,-0.6130160001775586,1.3458407426663432,0.4490349552201903,12980.56
0.4334136839828362,-0.0237455439426553,0.0762432699564577,0.1275630352551551,0.9674755008601326,0.0205906582810991,0.5954783585636297,-0.1541445176867373,0.3373324588917873,-0.0888544040593081,-0.2400056013264292,0.4794366423776792,0.6004297513816717,-0.6397991788303955,0.5567162647176084,1.0074031969183983,2.6262570612296554,1.479849724406404,-0.6144352448006479,-0.0186781613854111,-0.2424930490507808,-0.6591775355002913,-0.2263660534989561,-1.1929192121337753,0.7396272133261746,-0.554412623949894,-0.1093143194679513,0.1747891967741641,3276.56
-1.6748064291312523,1.5044774601935371,-1.9552498880423963,1.482484281098064,-2.0048351852867525,-2.9246114465591413,-1.8526576270928825,1.9768206788379263,-1.3076160056849069,-2.2224275083645613,1.7119989300706873,-1.8206233476587448,0.4984314957849207,-1.6230671680126845,-0.938521047575548,-1.8122808507371817,-1.7557074797835954,-1.693745304442969,1.0883253687363774,-1.444263034720838,0.8825700412356078,0.6323893704913293,-0.7666794744719942,0.9028689379809944,-0.4552834001183615,-0.1226745595412855,-2.1359800572635,-1.613656039827584,11952.62
